ShapeID,PathID,X,Y
2.000000000000000000e+00,0.000000000000000000e+00,1.000000000000000000,5.00000
2.000000000000000000e+00,0.000000000000000000e+00,5.000,1.0000
2.000000000000000000e+00,0.000000000000000000e+00,5.000,5.0000
2.000000000000000000e+00,0.000000000000000000e+00,1,1
